address,kind,source,status,onchain_size,local_size,first_diff_byte
0x418C24191aE947A78C99fDc0e45a1f96Afb254BE,runtime,etherscan,PARTIAL_MATCH,5562,5562,5509
0x418C24191aE947A78C99fDc0e45a1f96Afb254BE,runtime,sourcify,PARTIAL_MATCH,5562,5562,5509
0x418C24191aE947A78C99fDc0e45a1f96Afb254BE,creation,etherscan,PARTIAL_MATCH,6779,6779,6726
0x418C24191aE947A78C99fDc0e45a1f96Afb254BE,creation,sourcify,PARTIAL_MATCH,6779,6779,6726
0xc1ABb8c93be6811aFfC70675b0432926c4BFBb5D,runtime,etherscan,IMMUTABLE_VAR_ONLY,16847,16847,5743
0xc1ABb8c93be6811aFfC70675b0432926c4BFBb5D,runtime,sourcify,IMMUTABLE_VAR_ONLY,16847,16847,5743
0xc1ABb8c93be6811aFfC70675b0432926c4BFBb5D,creation,etherscan,PARTIAL_MATCH,19401,19401,19348
0xc1ABb8c93be6811aFfC70675b0432926c4BFBb5D,creation,sourcify,PARTIAL_MATCH,19401,19401,19348
0xdAC17F958D2ee523a2206206994597C13D831ec7,runtime,etherscan,PARTIAL_MATCH,11075,11075,11032
0xdAC17F958D2ee523a2206206994597C13D831ec7,runtime,sourcify,PARTIAL_MATCH,11075,11075,11032
0xdAC17F958D2ee523a2206206994597C13D831ec7,creation,etherscan,PARTIAL_MATCH,11900,11644,11601
0xdAC17F958D2ee523a2206206994597C13D831ec7,creation,sourcify,PARTIAL_MATCH,11900,11644,11601
0x6B175474E89094C44Da98b954EedeAC495271d0F,runtime,etherscan,PARTIAL_MATCH,7904,7904,7852
0x6B175474E89094C44Da98b954EedeAC495271d0F,runtime,sourcify,PARTIAL_MATCH,7904,7904,7852
0x6B175474E89094C44Da98b954EedeAC495271d0F,creation,etherscan,MISSING_ONCHAIN,,,
0x6B175474E89094C44Da98b954EedeAC495271d0F,creation,sourcify,MISSING_ONCHAIN,,,
0x1f9840a85d5aF5bf1D1762F925BDADdC4201F984,runtime,etherscan,PARTIAL_MATCH,12567,12567,12501
0x1f9840a85d5aF5bf1D1762F925BDADdC4201F984,runtime,sourcify,PARTIAL_MATCH,12567,12567,12501
0x1f9840a85d5aF5bf1D1762F925BDADdC4201F984,creation,etherscan,PARTIAL_MATCH,13427,13331,13265
0x1f9840a85d5aF5bf1D1762F925BDADdC4201F984,creation,sourcify,PARTIAL_MATCH,13427,13331,13265
0xC02aaA39b223FE8D0A0e5C4F27eAD9083C756Cc2,runtime,etherscan,PARTIAL_MATCH,3124,3124,3081
0xC02aaA39b223FE8D0A0e5C4F27eAD9083C756Cc2,runtime,sourcify,PARTIAL_MATCH,3124,3124,3081
0xC02aaA39b223FE8D0A0e5C4F27eAD9083C756Cc2,creation,etherscan,PARTIAL_MATCH,3504,3504,3461
0xC02aaA39b223FE8D0A0e5C4F27eAD9083C756Cc2,creation,sourcify,PARTIAL_MATCH,3504,3504,3461
0x514910771AF9Ca656af840dff83E8264EcF986CA,runtime,etherscan,PARTIAL_MATCH,3153,3153,3110
0x514910771AF9Ca656af840dff83E8264EcF986CA,runtime,sourcify,PARTIAL_MATCH,3153,3153,3110
0x514910771AF9Ca656af840dff83E8264EcF986CA,creation,etherscan,PARTIAL_MATCH,3225,3225,3182
0x514910771AF9Ca656af840dff83E8264EcF986CA,creation,sourcify,PARTIAL_MATCH,3225,3225,3182
0x95aD61b0a150d79219dCF64E1E6Cc01f0B64C4cE,runtime,etherscan,PARTIAL_MATCH,4852,4852,4809
0x95aD61b0a150d79219dCF64E1E6Cc01f0B64C4cE,runtime,sourcify,PARTIAL_MATCH,4852,4852,4809
0x95aD61b0a150d79219dCF64E1E6Cc01f0B64C4cE,creation,etherscan,PARTIAL_MATCH,6420,6100,6057
0x95aD61b0a150d79219dCF64E1E6Cc01f0B64C4cE,creation,sourcify,PARTIAL_MATCH,6420,6100,6057
0x7645DdfEecedA57e41f92679c4aCd83c56A81D14,runtime,etherscan,PARTIAL_MATCH,4331,4331,4278
0x7645DdfEecedA57e41f92679c4aCd83c56A81D14,runtime,sourcify,PARTIAL_MATCH,4331,4331,4278
0x7645DdfEecedA57e41f92679c4aCd83c56A81D14,creation,etherscan,PARTIAL_MATCH,5383,5383,5330
0x7645DdfEecedA57e41f92679c4aCd83c56A81D14,creation,sourcify,PARTIAL_MATCH,5383,5383,5330
0xc3d688B66703497DAA19211EEdff47f25384cdc3,runtime,etherscan,FULL_MATCH,1878,1878,
0xc3d688B66703497DAA19211EEdff47f25384cdc3,runtime,sourcify,FULL_MATCH,1878,1878,
0xc3d688B66703497DAA19211EEdff47f25384cdc3,creation,etherscan,FULL_MATCH,3375,3247,
0xc3d688B66703497DAA19211EEdff47f25384cdc3,creation,sourcify,FULL_MATCH,3375,3247,
0x00000000006c3852cbEf3e08E8dF289169EdE581,runtime,etherscan,IMMUTABLE_VAR_ONLY,24446,24446,4115
0x00000000006c3852cbEf3e08E8dF289169EdE581,runtime,sourcify,IMMUTABLE_VAR_ONLY,24446,24446,4115
0x00000000006c3852cbEf3e08E8dF289169EdE581,creation,etherscan,MISSING_ONCHAIN,,,
0x00000000006c3852cbEf3e08E8dF289169EdE581,creation,sourcify,MISSING_ONCHAIN,,,
0xA7AeFeaD2F25972D80516628417ac46b3F2604Af,runtime,etherscan,PARTIAL_MATCH,680,680,627
0xA7AeFeaD2F25972D80516628417ac46b3F2604Af,runtime,sourcify,PARTIAL_MATCH,680,680,627
0xA7AeFeaD2F25972D80516628417ac46b3F2604Af,creation,etherscan,PARTIAL_KNOWN,2194,1906,1792
0xA7AeFeaD2F25972D80516628417ac46b3F2604Af,creation,sourcify,PARTIAL_KNOWN,2194,1906,1792
0xA0b86991c6218b36c1d19D4a2e9Eb0cE3606eB48,runtime,etherscan,PARTIAL_MATCH,2186,2186,2143
0xA0b86991c6218b36c1d19D4a2e9Eb0cE3606eB48,runtime,sourcify,PARTIAL_MATCH,2186,2186,2143
0xA0b86991c6218b36c1d19D4a2e9Eb0cE3606eB48,creation,etherscan,PARTIAL_MATCH,2889,2857,2814
0xA0b86991c6218b36c1d19D4a2e9Eb0cE3606eB48,creation,sourcify,PARTIAL_MATCH,2889,2857,2814
0xd0c2c9b03fc3f358e5854fdf801a7d765929cc5a,runtime,etherscan,PARTIAL_MATCH,832,832,789
0xd0c2c9b03fc3f358e5854fdf801a7d765929cc5a,runtime,sourcify,PARTIAL_MATCH,832,832,789
0xd0c2c9b03fc3f358e5854fdf801a7d765929cc5a,creation,etherscan,MISSING_ONCHAIN,,,
0xd0c2c9b03fc3f358e5854fdf801a7d765929cc5a,creation,sourcify,MISSING_ONCHAIN,,,
0xe8dec1642714036dc8e4f5baad01b5d7a39f4ea9,runtime,etherscan,PARTIAL_MATCH,2240,2240,2197
0xe8dec1642714036dc8e4f5baad01b5d7a39f4ea9,runtime,sourcify,PARTIAL_MATCH,2240,2240,2197
0xe8dec1642714036dc8e4f5baad01b5d7a39f4ea9,creation,etherscan,PARTIAL_KNOWN,3332,3140,3047
0xe8dec1642714036dc8e4f5baad01b5d7a39f4ea9,creation,sourcify,PARTIAL_KNOWN,3332,3140,3047
0xb9c499a98593fafe3b7e966719cfda9f85ffac97,runtime,etherscan,UNLINKED_LIBRARY,8176,,
0xb9c499a98593fafe3b7e966719cfda9f85ffac97,runtime,sourcify,UNLINKED_LIBRARY,8176,,
0xb9c499a98593fafe3b7e966719cfda9f85ffac97,creation,etherscan,UNLINKED_LIBRARY,27005,,
0xb9c499a98593fafe3b7e966719cfda9f85ffac97,creation,sourcify,UNLINKED_LIBRARY,27005,,
0x3eee7fe99640c47abf43cd2c2b6a80eb785e38cf,runtime,etherscan,IMMUTABLE_VAR_ONLY,20170,20170,3738
0x3eee7fe99640c47abf43cd2c2b6a80eb785e38cf,runtime,sourcify,UNLINKED_LIBRARY,20170,,
0x3eee7fe99640c47abf43cd2c2b6a80eb785e38cf,creation,etherscan,PARTIAL_MATCH,21446,21446,21393
0x3eee7fe99640c47abf43cd2c2b6a80eb785e38cf,creation,sourcify,UNLINKED_LIBRARY,21446,,
0x9c9a8877319dde5c273811042686b1c91522b5ce,runtime,etherscan,FULL_MATCH,13042,13042,
0x9c9a8877319dde5c273811042686b1c91522b5ce,runtime,sourcify,FULL_MATCH,13042,13042,
0x9c9a8877319dde5c273811042686b1c91522b5ce,creation,etherscan,FULL_MATCH,13982,13950,
0x9c9a8877319dde5c273811042686b1c91522b5ce,creation,sourcify,FULL_MATCH,13982,13950,
0x2b67d1a87a8d8b280a23e97bc55095215ee0ec53,runtime,etherscan,PARTIAL_MATCH,2889,2889,2846
0x2b67d1a87a8d8b280a23e97bc55095215ee0ec53,runtime,sourcify,PARTIAL_MATCH,2889,2889,2846
0x2b67d1a87a8d8b280a23e97bc55095215ee0ec53,creation,etherscan,PARTIAL_MATCH,2921,2921,2878
0x2b67d1a87a8d8b280a23e97bc55095215ee0ec53,creation,sourcify,PARTIAL_MATCH,2921,2921,2878
0xc40d57992f5b657a480b8ed6256128019d8b2139,runtime,etherscan,MISSING_DATA,46,,
0xc40d57992f5b657a480b8ed6256128019d8b2139,runtime,sourcify,MISSING_DATA,46,,
0xc40d57992f5b657a480b8ed6256128019d8b2139,creation,etherscan,MISSING_ONCHAIN,,,
0xc40d57992f5b657a480b8ed6256128019d8b2139,creation,sourcify,MISSING_ONCHAIN,,,
0xf650c3d88d12db855b8bf7d11be6c55a4e07dcc9,runtime,etherscan,FULL_MATCH,4744,4744,
0xf650c3d88d12db855b8bf7d11be6c55a4e07dcc9,runtime,sourcify,FULL_MATCH,4744,4744,
0xf650c3d88d12db855b8bf7d11be6c55a4e07dcc9,creation,etherscan,FULL_MATCH,7147,6635,
0xf650c3d88d12db855b8bf7d11be6c55a4e07dcc9,creation,sourcify,FULL_MATCH,7147,6635,
0x40cdba18bfbc525a6cf35251e7d90a9b5b66ce30,runtime,etherscan,IMMUTABLE_VAR_ONLY,4617,4617,717
0x40cdba18bfbc525a6cf35251e7d90a9b5b66ce30,runtime,sourcify,IMMUTABLE_VAR_ONLY,4617,4617,717
0x40cdba18bfbc525a6cf35251e7d90a9b5b66ce30,creation,etherscan,UNLINKED_LIBRARY,20049,,
0x40cdba18bfbc525a6cf35251e7d90a9b5b66ce30,creation,sourcify,UNLINKED_LIBRARY,20049,,
0xb5de343139b0fb823dbc897a3ef171591cf704d3,runtime,etherscan,PARTIAL_MATCH,23528,23528,23462
0xb5de343139b0fb823dbc897a3ef171591cf704d3,runtime,sourcify,UNLINKED_LIBRARY,23528,,
0xb5de343139b0fb823dbc897a3ef171591cf704d3,creation,etherscan,PARTIAL_MATCH,24711,24487,24421
0xb5de343139b0fb823dbc897a3ef171591cf704d3,creation,sourcify,UNLINKED_LIBRARY,24711,,
0x2a4e3a514a0b8d6096f208de0cd645547fb73bea,runtime,etherscan,FULL_MATCH,2004,2004,
0x2a4e3a514a0b8d6096f208de0cd645547fb73bea,runtime,sourcify,FULL_MATCH,2004,2004,
0x2a4e3a514a0b8d6096f208de0cd645547fb73bea,creation,etherscan,TRAILING_DATA_ONLY,2890,2730,2730
0x2a4e3a514a0b8d6096f208de0cd645547fb73bea,creation,sourcify,TRAILING_DATA_ONLY,2890,2730,2730
0xc6244db2b2614ddb1f8ffb0d4b0ae5e2686a9f69,runtime,etherscan,PARTIAL_MATCH,11293,11293,11241
0xc6244db2b2614ddb1f8ffb0d4b0ae5e2686a9f69,runtime,sourcify,PARTIAL_MATCH,11293,11293,11241
0xc6244db2b2614ddb1f8ffb0d4b0ae5e2686a9f69,creation,etherscan,MISSING_ONCHAIN,,,
0xc6244db2b2614ddb1f8ffb0d4b0ae5e2686a9f69,creation,sourcify,MISSING_ONCHAIN,,,
0x1c68f4f35ac5239650333d291e6ce7f841149937,runtime,etherscan,MISSING_DATA,824,,
0x1c68f4f35ac5239650333d291e6ce7f841149937,runtime,sourcify,MISSING_DATA,824,,
0x1c68f4f35ac5239650333d291e6ce7f841149937,creation,etherscan,MISSING_DATA,880,,
0x1c68f4f35ac5239650333d291e6ce7f841149937,creation,sourcify,MISSING_DATA,880,,
0x27a2fc2d47c5063a551c8fe81f580b84ab78ac52,runtime,etherscan,MISSING_DATA,1442,,
0x27a2fc2d47c5063a551c8fe81f580b84ab78ac52,runtime,sourcify,MISSING_DATA,1442,,
0x27a2fc2d47c5063a551c8fe81f580b84ab78ac52,creation,etherscan,MISSING_DATA,1563,,
0x27a2fc2d47c5063a551c8fe81f580b84ab78ac52,creation,sourcify,MISSING_DATA,1563,,
0x7093c3e904720e1fd031fd48aeb424bd2c5c6bfc,runtime,etherscan,PARTIAL_MATCH,4858,4858,4815
0x7093c3e904720e1fd031fd48aeb424bd2c5c6bfc,runtime,sourcify,PARTIAL_MATCH,4858,4858,4815
0x7093c3e904720e1fd031fd48aeb424bd2c5c6bfc,creation,etherscan,PARTIAL_MATCH,5566,5406,5363
0x7093c3e904720e1fd031fd48aeb424bd2c5c6bfc,creation,sourcify,PARTIAL_MATCH,5566,5406,5363
0x2b684e8905a850a91f5eea913a19dae3926a6703,runtime,etherscan,PARTIAL_MATCH,12559,12559,12516
0x2b684e8905a850a91f5eea913a19dae3926a6703,runtime,sourcify,UNLINKED_LIBRARY,12559,,
0x2b684e8905a850a91f5eea913a19dae3926a6703,creation,etherscan,PARTIAL_MATCH,12797,12765,12722
0x2b684e8905a850a91f5eea913a19dae3926a6703,creation,sourcify,UNLINKED_LIBRARY,12797,,
0xc70be5b7c19529ef642d16c10dfe91c58b5c3bf0,runtime,etherscan,PARTIAL_MATCH,18458,18458,18415
0xc70be5b7c19529ef642d16c10dfe91c58b5c3bf0,runtime,sourcify,UNLINKED_LIBRARY,18458,,
0xc70be5b7c19529ef642d16c10dfe91c58b5c3bf0,creation,etherscan,PARTIAL_MATCH,18607,18607,18564
0xc70be5b7c19529ef642d16c10dfe91c58b5c3bf0,creation,sourcify,UNLINKED_LIBRARY,18607,,
0xa4adf19196bc401a31e6e22e203c4a2fa0d1886a,runtime,etherscan,UNLINKED_LIBRARY,19975,,
0xa4adf19196bc401a31e6e22e203c4a2fa0d1886a,runtime,sourcify,UNLINKED_LIBRARY,19975,,
0xa4adf19196bc401a31e6e22e203c4a2fa0d1886a,creation,etherscan,UNLINKED_LIBRARY,22429,,
0xa4adf19196bc401a31e6e22e203c4a2fa0d1886a,creation,sourcify,UNLINKED_LIBRARY,22429,,
0xe428a6abd34f859325ee56d4596ab4c0c421bb34,runtime,etherscan,FULL_MATCH,807,807,
0xe428a6abd34f859325ee56d4596ab4c0c421bb34,runtime,sourcify,FULL_MATCH,807,807,
0xe428a6abd34f859325ee56d4596ab4c0c421bb34,creation,etherscan,FULL_MATCH,1811,1811,
0xe428a6abd34f859325ee56d4596ab4c0c421bb34,creation,sourcify,FULL_MATCH,1811,1811,
0xa26720393494744a33e337b0a75d03f1b63f9559,runtime,etherscan,MISSING_DATA,6546,,
0xa26720393494744a33e337b0a75d03f1b63f9559,runtime,sourcify,MISSING_DATA,6546,,
0xa26720393494744a33e337b0a75d03f1b63f9559,creation,etherscan,MISSING_DATA,7153,,
0xa26720393494744a33e337b0a75d03f1b63f9559,creation,sourcify,MISSING_DATA,7153,,
